2026-03-16_19-06-12,---,draft.go:2026-03-16_19-06-12
2026-03-16_19-12-30,---,draft.go:2026-03-16_19-12-30
2026-03-16_19-14-28,---,draft.go:2026-03-16_19-14-28
2026-03-16_19-51-01,0,draft.py:2026-03-16_19-51-01
2026-03-16_19-51-24,0,draft.py:2026-03-16_19-51-01
2026-03-16_19-52-19,0,draft.py:2026-03-16_19-52-19
2026-03-16_19-53-45,0,draft.py:2026-03-16_19-53-45
2026-03-16_19-54-50,0,draft.py:2026-03-16_19-54-50
2026-03-16_19-55-10,0,draft.py:2026-03-16_19-55-10
2026-03-16_19-55-26,100,draft.py:2026-03-16_19-55-26
2026-03-24_06-18-15,0,draft.go:2026-03-24_06-18-15
2026-03-24_06-28-18,0,draft.go:2026-03-24_06-28-18
2026-03-24_06-28-24,---,draft.go:2026-03-24_06-28-18
2026-03-24_06-48-18,0,draft.go:2026-03-24_06-48-18
2026-03-24_06-49-12,0,draft.go:2026-03-24_06-49-12
2026-03-24_06-49-41,0,draft.go:2026-03-24_06-49-41
2026-03-24_06-49-43,---,draft.go:2026-03-24_06-49-41
2026-03-24_07-11-42,---,draft.go:2026-03-24_07-11-42
2026-03-24_07-11-54,---,draft.go:2026-03-24_07-11-42
2026-03-24_07-17-32,---,draft.go:2026-03-24_07-17-32
2026-03-24_07-19-23,100,draft.go:2026-03-24_07-19-23
