2026-03-17_13-26-20,83,draft.py:2026-03-17_13-26-20
2026-05-01_10-43-48,83,draft.py:2026-05-01_10-43-48
2026-05-01_10-44-42,83,draft.py:2026-05-01_10-43-48
2026-05-01_10-48-17,83,draft.py:2026-05-01_10-43-48
2026-05-01_10-48-19,---,draft.py:2026-05-01_10-43-48
2026-05-01_10-52-59,83,draft.py:2026-05-01_10-43-48
2026-05-01_10-53-02,---,draft.py:2026-05-01_10-43-48
2026-05-01_10-55-09,66,draft.py:2026-05-01_10-55-09
2026-05-01_10-56-38,66,draft.py:2026-05-01_10-56-38
2026-05-01_10-57-49,100,draft.py:2026-05-01_10-57-49
2026-05-01_10-59-49,50,draft.py:2026-05-01_10-59-49
2026-05-01_11-00-02,100,draft.py:2026-05-01_11-00-02
