2026-03-17_13-18-54,100,draft.py:2026-03-17_13-18-54
2026-04-04_16-40-51,---,draft.go:2026-04-04_16-40-51
2026-04-04_17-04-59,0,draft.go:2026-04-04_17-04-59
2026-04-04_17-05-43,0,draft.go:2026-04-04_17-05-43
2026-04-04_17-06-16,0,draft.go:2026-04-04_17-06-16
2026-04-04_17-07-07,0,draft.go:2026-04-04_17-07-07
2026-04-04_17-07-18,0,draft.go:2026-04-04_17-07-18
2026-04-04_17-07-30,0,draft.go:2026-04-04_17-07-30
2026-04-04_17-09-02,0,draft.go:2026-04-04_17-09-02
2026-04-04_17-09-30,0,draft.go:2026-04-04_17-09-30
2026-04-04_17-09-39,0,draft.go:2026-04-04_17-09-39
2026-04-04_17-09-48,0,draft.go:2026-04-04_17-09-39
2026-04-04_17-09-53,0,draft.go:2026-04-04_17-09-53
2026-04-04_17-10-45,0,draft.go:2026-04-04_17-10-45
2026-04-04_17-14-56,100,draft.go:2026-04-04_17-14-56
