2026-04-19_08-46-34,0,draft.go:2026-04-19_08-46-34
2026-04-19_08-53-02,0,draft.c:2026-04-19_08-53-02
2026-04-19_08-53-09,---,draft.c:2026-04-19_08-53-02
2026-04-19_09-13-55,100,draft.c:2026-04-19_09-13-55
2026-04-19_09-17-16,0,draft.c:2026-04-19_09-17-16
2026-04-19_09-17-42,0,draft.c:2026-04-19_09-17-42
2026-04-19_09-24-07,0,draft.c:2026-04-19_09-24-07
2026-04-19_09-27-12,0,draft.c:2026-04-19_09-27-12
2026-04-19_09-30-34,0,draft.c:2026-04-19_09-30-34
2026-04-19_09-43-26,0,draft.c:2026-04-19_09-43-26
2026-04-19_09-43-45,0,draft.c:2026-04-19_09-43-26
2026-04-19_09-43-48,0,draft.c:2026-04-19_09-43-26
2026-04-19_09-44-12,0,draft.c:2026-04-19_09-44-12
2026-04-19_09-57-34,0,draft.c:2026-04-19_09-57-34
2026-04-19_09-57-58,0,draft.c:2026-04-19_09-57-58
2026-04-19_09-58-11,0,draft.c:2026-04-19_09-58-11
2026-04-19_09-58-32,0,draft.c:2026-04-19_09-58-32
2026-04-19_09-59-17,0,draft.c:2026-04-19_09-59-17
2026-04-19_09-59-18,0,draft.c:2026-04-19_09-59-17
2026-04-19_09-59-31,0,draft.c:2026-04-19_09-59-31
2026-04-19_10-00-43,0,draft.c:2026-04-19_10-00-43
2026-04-19_10-00-53,0,draft.c:2026-04-19_10-00-53
2026-04-19_10-02-12,0,draft.c:2026-04-19_10-02-12
2026-04-19_10-06-36,0,draft.c:2026-04-19_10-06-36
2026-04-19_10-06-58,0,draft.c:2026-04-19_10-06-58
