2026-03-17_13-14-58,100,draft.py:2026-03-17_13-14-58
2026-03-23_19-37-07,0,draft.go:2026-03-23_19-37-07
2026-03-23_19-41-18,0,draft.go:2026-03-23_19-41-18
2026-03-23_19-41-20,---,draft.go:2026-03-23_19-41-18
2026-03-23_19-42-04,---,draft.go:2026-03-23_19-41-18
2026-03-23_19-54-13,0,draft.go:2026-03-23_19-54-13
2026-03-23_19-54-25,0,draft.go:2026-03-23_19-54-25
2026-03-23_19-55-12,0,draft.go:2026-03-23_19-55-12
2026-03-23_19-55-53,0,draft.go:2026-03-23_19-55-53
2026-03-23_19-57-06,0,draft.go:2026-03-23_19-57-06
2026-03-23_19-59-23,0,draft.go:2026-03-23_19-59-23
2026-03-23_20-00-03,91,draft.go:2026-03-23_20-00-03
2026-03-23_20-01-59,100,draft.go:2026-03-23_20-01-59
