2026-03-17_13-30-44,100,draft.py:2026-03-17_13-30-44
2026-05-01_22-46-24,0,draft.hs:2026-05-01_22-46-24
2026-05-01_22-50-16,0,draft.hs:2026-05-01_22-50-16
2026-05-01_22-50-26,0,draft.hs:2026-05-01_22-50-26
2026-05-01_22-50-30,0,draft.hs:2026-05-01_22-50-26
2026-05-01_22-50-45,0,draft.hs:2026-05-01_22-50-45
2026-05-01_22-50-47,0,draft.hs:2026-05-01_22-50-45
2026-05-01_22-51-02,0,draft.hs:2026-05-01_22-50-45
2026-05-01_22-51-13,0,draft.hs:2026-05-01_22-50-45
2026-05-01_22-51-47,0,draft.hs:2026-05-01_22-51-47
2026-05-01_22-52-08,0,draft.hs:2026-05-01_22-52-08
2026-05-01_22-54-00,0,draft.hs:2026-05-01_22-54-00
2026-05-01_22-54-50,0,draft.hs:2026-05-01_22-54-50
2026-05-01_22-55-14,0,draft.hs:2026-05-01_22-55-14
2026-05-01_22-56-23,0,draft.hs:2026-05-01_22-56-23
2026-05-01_22-57-34,100,draft.hs:2026-05-01_22-57-34
