2026-04-15_05-47-46,0,main.go:2026-04-15_05-47-46
2026-04-15_05-48-32,0,main.go:2026-04-15_05-48-32
2026-04-15_05-51-29,0,main.go:2026-04-15_05-51-29
2026-04-15_05-55-15,0,main.go:2026-04-15_05-55-15
2026-04-15_05-55-24,0,main.go:2026-04-15_05-55-24
2026-04-15_05-57-48,0,main.go:2026-04-15_05-57-48
2026-04-15_05-57-58,0,main.go:2026-04-15_05-57-58
2026-04-15_06-00-07,0,main.go:2026-04-15_06-00-07
2026-04-15_06-00-24,18,main.go:2026-04-15_06-00-24
2026-04-15_06-07-04,18,main.go:2026-04-15_06-07-04
2026-04-15_06-07-18,18,main.go:2026-04-15_06-07-18
2026-04-15_06-07-35,9,main.go:2026-04-15_06-07-35
2026-04-15_06-07-49,9,main.go:2026-04-15_06-07-49
2026-04-15_06-09-37,9,main.go:2026-04-15_06-09-37
2026-04-15_06-18-36,9,main.go:2026-04-15_06-18-36
2026-04-15_06-19-13,9,main.go:2026-04-15_06-19-13
2026-04-15_06-20-31,9,main.go:2026-04-15_06-20-31
2026-04-15_06-20-59,9,main.go:2026-04-15_06-20-59
2026-04-15_06-23-49,9,main.go:2026-04-15_06-23-49
2026-04-15_06-24-33,9,main.go:2026-04-15_06-24-33
2026-04-15_06-25-36,9,main.go:2026-04-15_06-25-36
2026-04-15_06-26-06,9,main.go:2026-04-15_06-26-06
2026-04-15_06-27-35,9,main.go:2026-04-15_06-26-06
2026-04-15_06-30-05,9,main.go:2026-04-15_06-30-05
2026-04-15_06-30-23,9,main.go:2026-04-15_06-30-23
2026-04-15_06-30-35,18,main.go:2026-04-15_06-30-35
2026-04-15_06-33-26,18,main.go:2026-04-15_06-33-26
2026-04-15_06-35-10,18,main.go:2026-04-15_06-35-10
2026-04-15_06-35-42,18,main.go:2026-04-15_06-35-42
2026-04-15_06-39-09,18,main.go:2026-04-15_06-39-09
2026-04-15_06-40-22,0,main.go:2026-04-15_06-40-22
2026-04-15_06-40-30,0,main.go:2026-04-15_06-40-22
2026-04-15_06-41-51,18,main.go:2026-04-15_06-41-51
2026-04-15_06-42-20,27,main.go:2026-04-15_06-42-20
2026-04-15_06-45-58,36,main.go:2026-04-15_06-45-58
2026-04-15_06-46-30,45,main.go:2026-04-15_06-46-30
2026-04-15_06-47-08,0,main.go:2026-04-15_06-47-08
2026-04-15_06-47-38,45,main.go:2026-04-15_06-47-38
2026-04-15_06-48-04,54,main.go:2026-04-15_06-48-04
2026-04-15_06-52-01,54,main.go:2026-04-15_06-52-01
2026-04-15_06-52-46,54,main.go:2026-04-15_06-52-46
2026-04-15_06-54-00,54,main.go:2026-04-15_06-54-00
2026-04-15_06-54-24,54,main.go:2026-04-15_06-54-24
2026-04-15_06-54-52,72,main.go:2026-04-15_06-54-52
2026-04-15_06-58-11,72,main.go:2026-04-15_06-58-11
2026-04-15_06-58-30,72,main.go:2026-04-15_06-58-30
2026-04-15_06-59-31,81,main.go:2026-04-15_06-59-31
2026-04-15_07-04-05,81,main.go:2026-04-15_07-04-05
2026-04-15_07-05-56,90,main.go:2026-04-15_07-05-56
2026-04-15_07-11-38,100,main.go:2026-04-15_07-11-38
2026-04-15_07-20-50,---,main.go:2026-04-15_07-11-38
2026-04-15_07-21-33,90,main.go:2026-04-15_07-21-33
2026-04-15_07-22-00,100,main.go:2026-04-15_07-22-00
2026-04-15_07-22-15,100,main.go:2026-04-15_07-22-15
2026-04-23_19-10-44,100,main.go:2026-04-15_07-22-15
